SPP4,ID,ELEVB,TREEAGE,STANDAGE,LOCATION,DataSetID,SOURCE,DBHcm,HTcm,PVcm3,LEAFg,TWIGg,CTLGRg,LIVEBRANCHg,BOLEBARKg,BOLEWOODg,BOLETOTg,ABOVEg,DEADWOODg,TOTROOTg
ACRU,site = C1,,,14,BEF,FatemiBEF,FatemiF,2.2,554,1052.96761,69,,,281.485198,,,,847.962166,,
ACRU,site = C1,,,14,BEF,FatemiBEF,FatemiF,3.4,520,2360.59272,179,,,376.838419,,,,1986.386039,,
ACRU,site = C1,,,14,BEF,FatemiBEF,FatemiF,4.4,685,5207.818142,415,,,779.892162,,,,4283.413137,,
ACSA,site = C1,,,14,BEF,FatemiBEF,FatemiF,2,466,731.9910883,89,,,97.377183,,,,744.66888,,
ACSA,site = C1,,,14,BEF,FatemiBEF,FatemiF,2.9,647,2136.781732,279,,,311.64947,,,,1916.435157,,
ACSA,site = C1,,,14,BEF,FatemiBEF,FatemiF,3.9,569,3398.610276,341,,,1171.866932,,,,3932.823022,,
BEAL,site = C1,,,14,BEF,FatemiBEF,FatemiF,2.4,455,1029.185753,97,,,307.727136,,,,1511.600327,,
BEAL,site = C1,,,14,BEF,FatemiBEF,FatemiF,3,430,1519.745446,280,,,1011.956351,,,,3104.051547,,
BEAL,site = C1,,,14,BEF,FatemiBEF,FatemiF,3.8,625,3544.109212,330,,,508.40796,,,,3915.84319,,
BEPA,site = C1,,,14,BEF,FatemiBEF,FatemiF,3.3,840,3592.25412,142,,,507.158841,,,,2007.374932,,
BEPA,site = C1,,,14,BEF,FatemiBEF,FatemiF,5.8,805,10634.36967,666,,,2026.699814,,,,8093.051246,,
BEPA,site = C1,,,14,BEF,FatemiBEF,FatemiF,8.7,797,23689.54461,2227,,,3771.99615,,,,18264.9525,,
FAGR,site = C1,,,14,BEF,FatemiBEF,FatemiF,2.1,424,734.2844509,112,,,281.723824,,,,950.982212,,
FAGR,site = C1,,,14,BEF,FatemiBEF,FatemiF,3.2,535,2151.362649,266,,,995.931017,,,,2952.33283,,
FAGR,site = C1,,,14,BEF,FatemiBEF,FatemiF,6,576,8143.008158,679,,,1950,,,,9942.319881,,
PRPE,site = C1,,,14,BEF,FatemiBEF,FatemiF,2.1,290,502.2228556,12,,,362.075012,,,,686.031521,,
PRPE,site = C1,,,14,BEF,FatemiBEF,FatemiF,3.8,554,3141.498406,133,,,1126.275138,,,,2658.246279,,
PRPE,site = C1,,,14,BEF,FatemiBEF,FatemiF,6.1,691,10097.12199,776,,,2135.806773,,,,9608.613246,,
ACRU,site = C2,,,16,BEF,FatemiBEF,FatemiF,3.2,627,2521.3166,75,,,505.785103,,,,2057.147345,,
ACRU,site = C2,,,16,BEF,FatemiBEF,FatemiF,4.9,930,8768.695605,313,,,1037.398185,,,,5907.909858,,
ACRU,site = C2,,,16,BEF,FatemiBEF,FatemiF,7.4,973,20923.58827,1186,,,3431.023891,,,,13816.52511,,
ACSA,site = C2,,,16,BEF,FatemiBEF,FatemiF,1.8,474,603.0915417,99,,,125.938169,,,,694.328489,,
ACSA,site = C2,,,16,BEF,FatemiBEF,FatemiF,5.4,1050,12023.66048,744,,,1824.107495,,,,8912.689069,,
BEAL,site = C2,,,16,BEF,FatemiBEF,FatemiF,2,544,854.5132018,72,,,315.853014,,,,1084.607176,,
BEAL,site = C2,,,16,BEF,FatemiBEF,FatemiF,4.2,795,5507.133382,336,,,518.409178,,,,7550.617344,,
BEAL,site = C2,,,16,BEF,FatemiBEF,FatemiF,6,945,13359.62276,102,,,2077.848165,,,,16970.49526,,
BEPA,site = C2,,,16,BEF,FatemiBEF,FatemiF,2,545,856.0839981,18,,,118.324899,,,,368.481,,
BEPA,site = C2,,,16,BEF,FatemiBEF,FatemiF,3.2,698,2806.82454,152,,,578.4004,,,,2306.937197,,
BEPA,site = C2,,,16,BEF,FatemiBEF,FatemiF,4.2,766,5306.24424,181,,,758.345865,,,,3868.177865,,
FAGR,site = C2,,,16,BEF,FatemiBEF,FatemiF,2.2,525,997.8483666,89,,,325.076657,,,,1011.303268,,
FAGR,site = C2,,,16,BEF,FatemiBEF,FatemiF,3.9,715,4270.661418,283,,,1712.644255,,,,5218.983188,,
FAGR,site = C2,,,16,BEF,FatemiBEF,FatemiF,5.7,875,11163.94402,672,,,1263.405,,,,5677.161657,,
PRPE,site = C2,,,16,BEF,FatemiBEF,FatemiF,3.6,619,3150.326281,21,,,149.013609,,,,474.015608,,
PRPE,site = C2,,,16,BEF,FatemiBEF,FatemiF,3.8,874,4956.082323,138,,,601.287671,,,,2922.884574,,
PRPE,site = C2,,,16,BEF,FatemiBEF,FatemiF,5.9,947,12945.35272,387,,,1180.523976,,,,8510.423179,,
BEAL,YB-8/1-1,,,17,WMNF,BattlesRock,BattlesJ,6.7,908.4,16013.513,1099,,,,,10986.933,12689.907,15306.619,,
BEAL,YB-8/1-2,,,17,WMNF,BattlesRock,BattlesJ,7.9,1025,25121.05843,1040,,,,,14806.589,17101.611,20138.213,,
BEAL,YB-8/1-3,,,17,WMNF,BattlesRock,BattlesJ,7.3,1011,21157.13034,1131,,,,,13623.666,15735.334,18722.956,,
BEAL,YB-8/10-1,,,17,WMNF,BattlesRock,BattlesJ,3.6,786,4000.252758,373,,,,,4667.5047,5390.9679,6398.763,,
BEAL,YB-8/10-2,,,17,WMNF,BattlesRock,BattlesJ,4,773,4856.902242,372,,,,,5207.976,6015.2123,7090.6412,,
BEAL,YB-8/2-1,,,17,WMNF,BattlesRock,BattlesJ,2.7,655.2,1875.691035,64,,,,,1396.4381,1612.886,1861.6829,,
BEPA,PB-7/27-1,,,17,WMNF,BattlesRock,BattlesJ,3.9,790.4,4721.022077,162,,,,,3202.2768,3552.3912,4076.539891,,
BEPA,PB-7/27-2,,,17,WMNF,BattlesRock,BattlesJ,4.7,853,7399.538476,321,,,,,4324.386,4905.496,5613.311497,,
BEPA,PB-7/27-3,,,17,WMNF,BattlesRock,BattlesJ,4.9,738,6958.384254,274,,,,,4227.2933,4753.7353,5445.658676,,
BEPA,PB-8/2-1,,,17,WMNF,BattlesRock,BattlesJ,9.4,1125,39036.25222,2374,,,,,23891.008,27735.553,31646.03356,,
BEPA,PB-8/2-2,,,17,WMNF,BattlesRock,BattlesJ,7.2,951,19360.0019,1075,,,,,11851.761,13650.976,15590.87275,,
BEPA,PB-8/2-3,,,17,WMNF,BattlesRock,BattlesJ,6.8,1014.4,18419.88658,938,,,,,11528.367,13163.977,15050.93983,,
PRPE,PC-7/20-1,,,17,WMNF,BattlesRock,BattlesJ,7.5,1051,23215.87884,700,,,2358,,13582.43,18403,20481.11179,,
PRPE,PC-7/20-2,,,17,WMNF,BattlesRock,BattlesJ,8.3,995,26917.77454,921,,,2277,,14179.34,18948.2,21117.63902,,
PRPE,PC-7/20-3,,,17,WMNF,BattlesRock,BattlesJ,7.5,1027,22685.73508,686,,,1191,,11877.61,13781.6,15598.87433,,
PRPE,PC-7/20-4,,,17,WMNF,BattlesRock,BattlesJ,5.8,923,12193.19653,190,,,,,6564.036,15904,16908.29751,,
PRPE,PC-7/20-5,,,17,WMNF,BattlesRock,BattlesJ,8.7,900,26751.05414,654,,,2122,,12783.03,16648.6,18604.40359,,
PRPE,PC-7/20-6,,,17,WMNF,BattlesRock,BattlesJ,4.3,912,6622.037491,142,,,,,3734.457,19212.5,19783.87192,,
PRPE,PC-7/20-7,,,17,WMNF,BattlesRock,BattlesJ,7,1017,19569.37334,397,,,456,,11762.2,13071.5,14871.1166,,
PRPE,PC-7/26-1,,,17,WMNF,BattlesRock,BattlesJ,4.5,813,6465.103157,,,,,,4101.4,4739.58,5367.0942,,
PRPE,PC-7/26-2,,,17,WMNF,BattlesRock,BattlesJ,4,739,4643.273942,172,,,,,2731.968,3355.67,3773.661104,,
PRPE,PC-7/26-3,,,17,WMNF,BattlesRock,BattlesJ,3.6,784,3990.073997,95,,,,,2274.922,2739.11,3087.173066,,
PRPE,PC-8/2-1,,,17,WMNF,BattlesRock,BattlesJ,3.9,803,4796.281285,73,,,,,3403.47,4017.04,4537.77091,,
PRPE,PC-8/2-2,,,17,WMNF,BattlesRock,BattlesJ,5,863,8472.482688,279,,,,,5353.594,6509.38,7328.479882,,
PRPE,PC-8/7-1,,,17,WMNF,BattlesRock,BattlesJ,10.2,1074,43879.78698,872,,,2161,,25032.1,30828.6,34658.5113,,
PRPE,PC-8/7-2,,,17,WMNF,BattlesRock,BattlesJ,10.8,1167,53453.75918,1163,,,2657,,26809.4,32029.4,36131.2382,,
PRPE,PC-8/7-3,,,17,WMNF,BattlesRock,BattlesJ,8.9,1153,35864.86548,720,,,1096,,18001.6,20612.1,23366.3448,,
ACPE,16,0,,17,HBEF,SiccamaW5,SiccamaT,0.9,300,95.42587685,20,1,,55.26863,25.802,146,172.01,247.52163,,
ACPE,17,0,,17,HBEF,SiccamaW5,SiccamaT,1.5,360,318.0862562,53,1,,67.45632,31.491,178,209.941,330.50932,,
ACPE,18,0,,17,HBEF,SiccamaW5,SiccamaT,0.7,225,43.29507376,27,0,,20.23205,9.445,54,62.967,111.07805,,
ACPE,19,0,,17,HBEF,SiccamaW5,SiccamaT,1.3,250,165.915362,76,1,,69.95201,32.656,185,217.709,365.10701,,
ACPE,20,0,,17,HBEF,SiccamaW5,SiccamaT,1.7,390,442.611135,69,1,,94.88468,44.296,251,295.306,460.49068,,
ACPE,21,0,,17,HBEF,SiccamaW5,SiccamaT,1.3,310,205.7350489,27,1,,47.27273,22.069,125,147.125,222.34373,,
ACPE,22,0,,17,HBEF,SiccamaW5,SiccamaT,1.4,290,223.210158,52,1,,48.24193,22.521,128,150.141,251.47993,,
ACPE,23,0,,17,HBEF,SiccamaW5,SiccamaT,0.7,230,44.25718651,18,0,,18.4148,8.597,49,57.312,93.9658,,
ACPE,24,0,,17,HBEF,SiccamaW5,SiccamaT,1,265,104.0652567,23,0,,24.9569,11.651,66,77.672,126.3089,,
ACPE,25,0,,17,HBEF,SiccamaW5,SiccamaT,1.5,340,300.4147975,62,1,,71.4785,33.369,189,222.46,357.0695,,
ACSA,6,0,,17,HBEF,SiccamaW5,SiccamaT,1.7,300,340.4701038,51,0,,18.962,18.537,135,153.323,223.508,,
ACSA,7,0,,17,HBEF,SiccamaW5,SiccamaT,1,215,84.43030257,62,0,,22.3,21.8,159,180.312,265.481,,
ACSA,8,0,,17,HBEF,SiccamaW5,SiccamaT,2.6,435,1154.77092,175,3,,139.567,136.434,992,1128.483,1446.391,,
ACSA,9,0,,17,HBEF,SiccamaW5,SiccamaT,0.8,220,55.2920307,22,0,,9.893,9.671,70,79.991,111.777,,
ACSA,10,0,,17,HBEF,SiccamaW5,SiccamaT,1.8,420,534.3849104,96,2,,71.996,70.38,512,582.13,751.439,,
ACSA,11,0,,17,HBEF,SiccamaW5,SiccamaT,1.1,290,137.7981078,27,0,,18.271,17.861,130,147.73,193.526,,
ACSA,12,0,,17,HBEF,SiccamaW5,SiccamaT,1.4,340,261.694668,51,1,,30.909,30.215,220,249.916,332.551,,
ACSA,13,0,,17,HBEF,SiccamaW5,SiccamaT,1.7,314,356.3587087,71,1,,51.683,50.523,367,417.887,540.981,,
ACSA,14,0,,17,HBEF,SiccamaW5,SiccamaT,1.4,355,273.240021,88,1,,42.427,41.474,302,343.046,475.056,,
ACSA,15,0,,17,HBEF,SiccamaW5,SiccamaT,1,247,96.99667318,28,0,,14.944,14.608,106,120.83,164.054,,
ACSA,16,0,,17,HBEF,SiccamaW5,SiccamaT,1.7,400,453.9601384,105,1,,49.948,48.827,355,403.86,559.892,,
BEAL,10,0,,17,HBEF,SiccamaW5,SiccamaT,1.4,355,273.240021,45,1,,32.494,0.018,150,168.062,228.098,,
BEAL,11,0,,17,HBEF,SiccamaW5,SiccamaT,1.1,335,159.1805728,23,0,,23.353,0.013,108,120.784,154.837,,
BEAL,12,0,,17,HBEF,SiccamaW5,SiccamaT,0.7,235,45.21929926,19,0,,12.532,0.007,58,64.819,90.022,,
BEAL,13,0,,17,HBEF,SiccamaW5,SiccamaT,1.6,355,356.8849254,61,1,,40.488,0.022,187,209.41,289.327,,
BEAL,14,0,,17,HBEF,SiccamaW5,SiccamaT,1.5,380,335.7577149,88,1,,65.214,0.036,302,337.294,456.326,,
BEAL,15,0,,17,HBEF,SiccamaW5,SiccamaT,1.8,310,394.4269577,76,1,,44.606,0.024,206,230.71,327.73,,
BEAL,16,0,,17,HBEF,SiccamaW5,SiccamaT,0.9,242,76.97687399,30,0,,16.441,0.009,76,85.034,123.182,,
BEAL,17,0,,17,HBEF,SiccamaW5,SiccamaT,1.5,385,340.1755795,37,1,,39.535,0.022,183,204.481,259.955,,
BEAL,18,0,,17,HBEF,SiccamaW5,SiccamaT,1.2,335,189.438037,39,0,,24.16,0.13,112,124.961,175.607,,
BEAL,19,0,,17,HBEF,SiccamaW5,SiccamaT,1.4,380,292.482276,57,1,,51.583,0.028,239,266.795,348.632,,
BEAL,20,0,,17,HBEF,SiccamaW5,SiccamaT,1.6,443,445.3521746,70,1,,62.84,0.034,291,325.015,425.102,,
BEPA,10,0,,17,HBEF,SiccamaW5,SiccamaT,1.4,380,292.482276,50,1,,35.426,20.594,175,195.666,281.91,,
BEPA,11,0,,17,HBEF,SiccamaW5,SiccamaT,0.8,240,60.31857895,22,0,,12.063,7.012,60,66.626,101.624,,
BEPA,12,0,,17,HBEF,SiccamaW5,SiccamaT,1.3,305,202.4167417,68,1,,31.087,18.072,154,171.703,272.339,,
BEPA,13,0,,17,HBEF,SiccamaW5,SiccamaT,0.8,230,57.80530483,25,0,,12.78,7.429,63,70.585,108.853,,
BEPA,14,0,,17,HBEF,SiccamaW5,SiccamaT,1.9,405,574.1456924,107,2,,71.66,41.658,354,395.797,576.427,,
BEPA,15,0,,17,HBEF,SiccamaW5,SiccamaT,0.9,265,84.29285789,27,0,,14.289,8.307,71,78.924,121.292,,
BEPA,16,0,,17,HBEF,SiccamaW5,SiccamaT,1,265,104.0652567,24,0,,13.984,8.129,69,77.239,115.699,,
BEPA,17,0,,17,HBEF,SiccamaW5,SiccamaT,1,300,117.8097245,24,1,,17.141,9.964,85,94.675,136.7,,
BEPA,18,0,,17,HBEF,SiccamaW5,SiccamaT,1.3,320,212.3716634,54,1,,38.583,22.429,191,213.102,307.232,,
BEPA,19,0,,17,HBEF,SiccamaW5,SiccamaT,1.7,315,357.493609,132,3,,79.559,46.25,393,439.428,653.972,,
BEPA,20,0,,17,HBEF,SiccamaW5,SiccamaT,1.4,320,246.300864,88,2,,47.062,27.358,233,259.934,397.315,,
FAGR,6,0,,17,HBEF,SiccamaW5,SiccamaT,0.9,210,66.7981138,48,1,,27.194,10.22,155,165.169,240.863,,
FAGR,7,0,,17,HBEF,SiccamaW5,SiccamaT,2.72,305,886.1301902,216,6,,231.428,86.94,1319,1405.652,1858.492,,
FAGR,8,0,,17,HBEF,SiccamaW5,SiccamaT,1.8,270,343.5331567,37,1,,38.029,14.29,217,230.98,307.587,,
FAGR,9,0,,17,HBEF,SiccamaW5,SiccamaT,1.2,310,175.3008701,63,1,,46.229,17.37,263,280.788,391.162,,
FAGR,10,0,,17,HBEF,SiccamaW5,SiccamaT,1,306,120.165919,53,1,,35.803,13.45,204,217.459,307.368,,
FAGR,11,0,,17,HBEF,SiccamaW5,SiccamaT,1.4,310,238.603962,43,2,,78.326,29.42,446,475.739,598.956,,
FAGR,12,0,,17,HBEF,SiccamaW5,SiccamaT,1.2,285,161.1637031,79,1,,37.381,14.04,213,227.044,344.603,,
FAGR,13,0,,17,HBEF,SiccamaW5,SiccamaT,0.8,225,56.54866776,26,0,,17.57,6.6,100,106.718,150.369,,
FAGR,14,0,,17,HBEF,SiccamaW5,SiccamaT,1,235,92.2842842,71,1,,50.344,18.91,287,305.777,428.416,,
FAGR,15,0,,17,HBEF,SiccamaW5,SiccamaT,1.3,275,182.5068982,47,1,,56.247,21.13,321,341.635,446.98,,
FAGR,16,0,,17,HBEF,SiccamaW5,SiccamaT,1.7,290,329.1211004,104,2,,94.741,35.59,540,575.44,776.192,,
PRPE,9,0,,17,HBEF,SiccamaW5,SiccamaT,2,430,675.4424205,30,1,,33.092,49.95,425,474.583,539.37,,
PRPE,10,0,,17,HBEF,SiccamaW5,SiccamaT,3.5,530,2549.598788,179,6,,134.7,203.322,1728,1931.789,2250.513,,
PRPE,11,0,,17,HBEF,SiccamaW5,SiccamaT,2.4,560,1266.690158,64,2,,55.504,83.78,712,796.006,917.979,,
PRPE,12,0,,17,HBEF,SiccamaW5,SiccamaT,1.7,395,448.2856367,7,1,,23.894,36.067,307,342.677,374.992,,
PRPE,13,0,,17,HBEF,SiccamaW5,SiccamaT,1.7,380,431.2621315,14,1,,14.495,21.879,186,207.881,236.899,,
PRPE,14,0,,17,HBEF,SiccamaW5,SiccamaT,2.4,510,1153.592822,83,3,,69.258,104.541,889,993.259,1149.117,,
PRPE,15,0,,17,HBEF,SiccamaW5,SiccamaT,1.8,455,578.9169862,21,1,,26.8,40.452,344,384.346,433.038,,
PRPE,16,0,,17,HBEF,SiccamaW5,SiccamaT,1.2,355,200.7477706,20,1,,13.878,20.947,178,199.025,233.324,,
PRPE,17,0,,17,HBEF,SiccamaW5,SiccamaT,0.9,290,92.24501429,2,0,,6.559,9.9,84,94.059,102.922,,
PRPE,18,0,,17,HBEF,SiccamaW5,SiccamaT,1.8,421,535.6572554,23,1,,28.821,43.504,370,413.337,466.748,,
BEAL,YB-7/19-1,,,23,WMNF,BattlesGB,BattlesJ,15.1,1369,122579.3258,3288,,,,,70078.523,80940.694,95835.105,,
BEAL,YB-7/19-2,,,23,WMNF,BattlesGB,BattlesJ,7.2,1064,21660.4017,450,,,,,15078.145,17415.257,20038.561,,
BEAL,YB-8/8-1,,,23,WMNF,BattlesGB,BattlesJ,10.5,1242,53772.48161,2387,,,,,28538.502,32961.97,41944.775,,
BEAL,YB-8/8-2,,,23,WMNF,BattlesGB,BattlesJ,10.7,1260,56649.74851,1926,,,,,31477.336,36356.323,43779.741,,
BEPA,PB-7/13-1,,,23,WMNF,BattlesGB,BattlesJ,13.6,1274,92535.23462,3502,,,,,59223.84,70001.104,79196.70815,,
BEPA,PB-7/18-1,,,23,WMNF,BattlesGB,BattlesJ,12.7,1390,88040.42449,3213,,,,,48923.655,60924.727,68507.89389,,
BEPA,PB-7/18-2,,,23,WMNF,BattlesGB,BattlesJ,11.8,1479,80870.86238,2579,,,,,46372.044,52940.702,60128.36865,,
BEPA,PB-7/19-1,,,23,WMNF,BattlesGB,BattlesJ,5.7,1110,14162.26041,244,,,,,7791.9175,8493.7868,9701.534009,,
PRPE,PC-7/13-1,,,23,WMNF,BattlesGB,BattlesJ,12.8,1367,87952.53058,1527,,,2211,,43236.86,49678.9,56294.13958,,
PRPE,PC-7/13-2,,,23,WMNF,BattlesGB,BattlesJ,9.8,1297,48916.12129,1626,,,791,,24805,28967.5,32762.665,,
PRPE,PC-7/13-3,,,23,WMNF,BattlesGB,BattlesJ,13.4,1267,89340.03069,1505,,,4614,,46858.17,55811,62980.30001,,
PRPE,PC-8/8-1,,,23,WMNF,BattlesGB,BattlesJ,10.7,1268,57009.42945,883,,,1626,,31465.32,60218.2,65032.39396,,
ACPE,1,0,,26,HBEF,FaheyW4,FaheyT,1.3,275,182.5068982,17,1,,19,33,160,193,230.3,,
ACPE,2,0,,26,HBEF,FaheyW4,FaheyT,1.4,280,215.513256,12,1,,10,47,211,258,280.4,,
ACPE,3,0,,26,HBEF,FaheyW4,FaheyT,1.5,332,293.346214,20,1,,34,35,199,234,288.9,,
ACPE,4,0,,26,HBEF,FaheyW4,FaheyT,1.9,300,425.2931055,62,4,,124,49,241,290,479.7,,
ACPE,5,0,,26,HBEF,FaheyW4,FaheyT,2.1,440,761.9932981,61,4,,138,83,384,467,670,,
ACPE,6,0,,26,HBEF,FaheyW4,FaheyT,2.8,480,1477.805184,52,3,,161,207,916,1123,1339.501,,
ACPE,7,0,,26,HBEF,FaheyW4,FaheyT,3.4,525,2383.290727,94,6,,375,231,1250,1481,1956,,
ACPE,8,0,,26,HBEF,FaheyW4,FaheyT,4.1,600,3960.762938,272,18,,1155,331,1845,2176,3621.501,,
ACPE,9,0,,26,HBEF,FaheyW4,FaheyT,5.7,767,9785.994357,179,12,,1495,591,3800,4391,6077.2,,
ACPE,10,0,,26,HBEF,FaheyW4,FaheyT,6.3,781,12172.84294,214,14,,1875,1065,5301,6366,8469.4,,
ACPE,11,0,,26,HBEF,FaheyW4,FaheyT,7,865,16644.55058,454,31,,6770,988,6964,7952,15206.3,,
ACPE,12,0,,26,HBEF,FaheyW4,FaheyT,7.4,910,19568.82356,360,24,,3020,1021,9143,10164,13567.7,,
ACPE,13,0,,26,HBEF,FaheyW4,FaheyT,8.6,895,25994.40155,598,40,,8690,1782,11703,13485,22813.6,,
ACPE,14,0,,26,HBEF,FaheyW4,FaheyT,8.9,930,28928.29566,596,40,,8830,1900,13220,15120,24586.501,,
ACPE,15,0,,26,HBEF,FaheyW4,FaheyT,9.3,1030,34983.47988,509,34,,6170,2086,15390,17476,24188.7,,
ACSA,1,0,,26,HBEF,FaheyW4,FaheyT,9.8,1490,56195.08151,902,53,,3795,3902.65,28380,32280,37032.65,,
ACSA,2,0,,26,HBEF,FaheyW4,FaheyT,10.5,1460,63210.80769,1387,143,,6368,4975.04,36170,41150,49043.04,,
ACSA,3,0,,26,HBEF,FaheyW4,FaheyT,9.4,1520,52742.31411,1044,141,,3173,4405.6,32030,36440,40793.6,,
ACSA,4,0,,26,HBEF,FaheyW4,FaheyT,8.1,1360,35040.38198,750,64,,2909,2361.18,17170,19530,23254.18,,
ACSA,5,0,,26,HBEF,FaheyW4,FaheyT,13.4,1570,110705.484,299,287,,16912,9611.55,68890,79500,95999.55,,
BEAL,1,0,,26,HBEF,FaheyW4,FaheyT,10.9,1540,71851.12996,1122,50,,13696,3.692,31388,35080,46259.692,,
BEAL,2,0,,26,HBEF,FaheyW4,FaheyT,17.9,1550,195028.3048,2968,325,,20833,,,,,,
BEAL,3,0,,26,HBEF,FaheyW4,FaheyT,15.5,1600,150953.527,1066,59,,13080,7.942,67518,75460,81730.942,,
BEAL,4,0,,26,HBEF,FaheyW4,FaheyT,11.2,1620,79801.47995,1032,151,,6774,4.793,40747,45540,48708.793,,
BEAL,5,0,,26,HBEF,FaheyW4,FaheyT,16.4,1580,166880.1451,2674,296,,17245,10.068,85592,95660,105817.068,,
BEAL,6,0,,26,HBEF,FaheyW4,FaheyT,12.3,1580,93870.08163,1682,184,,10066,6.126,52074,58200,64012.126,,
BEAL,7,0,,26,HBEF,FaheyW4,FaheyT,8,1320,33175.21842,403,61,,3261,1.949,16571,18520,20297.949,,
BEAL,8,0,,26,HBEF,FaheyW4,FaheyT,13.7,1680,123825.5603,2070,349,,8045,6.881,58499,65380,68969.881,,
BEAL,9,0,,26,HBEF,FaheyW4,FaheyT,13.7,1600,117929.105,2677,743,,15153,7.348,62462,69810,81042.348,,
BEPA,1,0,,26,HBEF,FaheyW4,FaheyT,17.3,1610,189224.7621,9515,1531,,57124,,,,,,
BEPA,2,0,,26,HBEF,FaheyW4,FaheyT,16.2,1600,164895.9152,4306,938,,29881,10047.17,85410,95460,130582.17,,
BEPA,3,0,,26,HBEF,FaheyW4,FaheyT,15,1650,145789.5341,2111,209,,13317,8432.63,71690,80120,95759.63,,
BEPA,4,0,,26,HBEF,FaheyW4,FaheyT,10.5,1450,62777.85695,1904,116,,6163,3535.35,30050,33590,41768.35,,
BEPA,5,0,,26,HBEF,FaheyW4,FaheyT,12.6,1520,94764.25744,1023,152,,7227,5100.42,43360,48460,56862.42,,
BEPA,6,0,,26,HBEF,FaheyW4,FaheyT,13.1,1540,103782.2777,1935,256,,8690,5367.75,45630,51000,61878.75,,
BEPA,7,0,,26,HBEF,FaheyW4,FaheyT,8.4,1300,36021.50137,794,206,,2473,1729.26,14700,16430,19902.26,,
BEPA,8,0,,26,HBEF,FaheyW4,FaheyT,10.1,1490,59688.25765,1138,166,,3850,3040.67,25850,28890,34044.67,,
BEPA,9,0,,26,HBEF,FaheyW4,FaheyT,15.9,1700,168773.0332,3305,630,,16616,8756.8,74440,83200,103747.8,,
FAGR,1,0,,26,HBEF,FaheyW4,FaheyT,8.1,1520,39162.77986,393,62,,2503,1058.25,16052,17110,20068.25,,
FAGR,2,0,,26,HBEF,FaheyW4,FaheyT,8.6,1210,35143.26914,512,88,,4285,1393.48,21137,22530,27415.48,,
FAGR,3,0,,26,HBEF,FaheyW4,FaheyT,12.6,1410,87906.31776,1674,212,,12304,3720.28,56430,60150,74340.28,,
FAGR,4,0,,26,HBEF,FaheyW4,FaheyT,7.5,1340,29599.69328,472,63,,2609,1272.87,19307,20580,23723.87,,
FAGR,5,0,,26,HBEF,FaheyW4,FaheyT,9.1,1280,41624.84602,510,165,,4715,1838.8,27891,29730,35119.8,,
PRPE,1,0,,26,HBEF,FaheyW4,FaheyT,12.9,1610,105211.9772,1356,110,,6523,5444.583,46285,51730,59718.583,,
PRPE,2,0,,26,HBEF,FaheyW4,FaheyT,11.9,1420,78966.36608,531,102,,4835,3301.693,28068,31370,36837.693,,
PRPE,3,0,,26,HBEF,FaheyW4,FaheyT,13.2,1590,108793.9819,1893,330,,3510,5451.95,46348,51800,57532.95,,
PRPE,4,0,,26,HBEF,FaheyW4,FaheyT,10,1480,58119.46409,572,69,,1122,2941.738,25008,27950,29712.738,,
PRPE,5,0,,26,HBEF,FaheyW4,FaheyT,16.5,1560,166783.227,1217,133,,2545,7190.68,61129,68320,72214.68,,
PRPE,6,0,,26,HBEF,FaheyW4,FaheyT,17.6,1690,205575.7702,1386,198,,6902,10724.975,91175,101900,110385.975,,
PRPE,7,0,,26,HBEF,FaheyW4,FaheyT,13.7,1690,124562.6172,1132,156,,1741,6043.455,51377,57420,60449.455,,
PRPE,8,0,,26,HBEF,FaheyW4,FaheyT,16.8,1710,189528.5149,1369,289,,4150,9275.683,78854,88130,93937.683,,
ACRU,site = C4,,,26,BEF,FatemiBEF,FatemiF,2.5,707,1735.239067,4,,,276.983756,,,,1413.340402,,
ACRU,site = C4,,,26,BEF,FatemiBEF,FatemiF,5.9,1175,16062.07966,245,,,1997.411648,,,,11121.40002,,
ACRU,site = C4,,,26,BEF,FatemiBEF,FatemiF,9.4,1254,43512.40914,1221,,,4918.93617,,,,24292.06221,,
ACSA,site = C4,,,26,BEF,FatemiBEF,FatemiF,6.5,967,16044.01551,624,,,3135.827957,,,,12980.6581,,
ACSA,site = C4,,,26,BEF,FatemiBEF,FatemiF,8.2,1255,33138.38325,936,,,3731.551122,,,,27218.29095,,
ACSA,site = C4,,,26,BEF,FatemiBEF,FatemiF,8.7,1367,40631.87891,1300,,,4086.409496,,,,28445.57123,,
ACSA,site = C4,,,26,BEF,FatemiBEF,FatemiF,10.4,1610,68383.67561,1511,,,8454.451226,,,,39725.23836,,
BEAL,site = C4,,,26,BEF,FatemiBEF,FatemiF,2,525,824.6680716,103,,,237,,,,1193.199801,,
BEAL,site = C4,,,26,BEF,FatemiBEF,FatemiF,4.4,883,6713.143678,153,,,917.6,,,,9025.609679,,
BEAL,site = C4,,,26,BEF,FatemiBEF,FatemiF,6.7,1236,21788.53156,520,,,1412.602808,,,,26821.19434,,
BEPA,site = C4,,,26,BEF,FatemiBEF,FatemiF,4,774,4863.185428,50,,,397.151039,,,,2952.396266,,
BEPA,site = C4,,,26,BEF,FatemiBEF,FatemiF,5.8,1310,17305.62021,71,,,865.889601,,,,9662.762705,,
BEPA,site = C4,,,26,BEF,FatemiBEF,FatemiF,11.4,1321,67417.46308,2038,,,7706.923858,,,,44964.56869,,
FAGR,site = C4,,,26,BEF,FatemiBEF,FatemiF,2.3,444,922.3558951,106,,,425.296593,,,,1454.153122,,
FAGR,site = C4,,,26,BEF,FatemiBEF,FatemiF,4.3,826,5997.590973,235,,,1524.441658,,,,5319.918061,,
FAGR,site = C4,,,26,BEF,FatemiBEF,FatemiF,6.3,815,12702.77464,621,,,3704.939759,,,,11614.60974,,
PRPE,site = C4,,,26,BEF,FatemiBEF,FatemiF,6,641,9061.924009,139,,,1316.290727,,,,8408.309693,,
PRPE,site = C4,,,26,BEF,FatemiBEF,FatemiF,8,1204,30259.82044,191,,,1273.903448,,,,11831.04341,,
PRPE,site = C4,,,26,BEF,FatemiBEF,FatemiF,10.5,1244,53859.07175,747,,,3558.908363,,,,30436.41394,,
ACRU,site = C6,,,29,BEF,FatemiBEF,FatemiF,3.8,720,4082.813813,170,,,570.395198,,,,3104.038213,,
ACRU,site = C6,,,29,BEF,FatemiBEF,FatemiF,6.7,1087,19161.92055,281,,,1594.698855,,,,12858.31641,,
ACRU,site = C6,,,29,BEF,FatemiBEF,FatemiF,9.2,1129,37525.75876,784,,,3927.031642,,,,28281.02681,,
ACSA,site = C6,,,29,BEF,FatemiBEF,FatemiF,7,1111,21378.14531,290,,,1216.794045,,,,18926.78853,,
ACSA,site = C6,,,29,BEF,FatemiBEF,FatemiF,11.7,1558,83752.74742,1698,,,8782.456286,,,,53043.06663,,
ACSA,site = C6,,,29,BEF,FatemiBEF,FatemiF,12.1,1503,86415.09404,2315,,,19183.19445,,,,66307.30149,,
BEAL,site = C6,,,29,BEF,FatemiBEF,FatemiF,5.2,805,8547.959451,195,,,1206.639635,,,,10449.13541,,
BEAL,site = C6,,,29,BEF,FatemiBEF,FatemiF,8.1,1318,33958.25254,649,,,1456.387776,,,,33088.16448,,
BEAL,site = C6,,,29,BEF,FatemiBEF,FatemiF,11,1245,59158.15316,1048,,,5647.59799,,,,64417.42,,
BEPA,site = C6,,,29,BEF,FatemiBEF,FatemiF,5.4,1079,12355.74253,145,,,743.153153,,,,8035.081507,,
BEPA,site = C6,,,29,BEF,FatemiBEF,FatemiF,8.2,1276,33692.89006,832,,,2326.57,,,,22926.75016,,
BEPA,site = C6,,,29,BEF,FatemiBEF,FatemiF,12.1,1500,86242.60883,1834,,,9292.938689,,,,55046.97032,,
FAGR,site = C6,,,29,BEF,FatemiBEF,FatemiF,2.7,438,1253.896022,109,,,596.613546,,,,1800.979592,,
FAGR,site = C6,,,29,BEF,FatemiBEF,FatemiF,8.1,1160,29887.38463,424,,,5425.727047,,,,25634.91143,,
PRPE,site = C6,,,29,BEF,FatemiBEF,FatemiF,6.7,1045,18421.53356,145,,,1176.834748,,,,11466.71317,,
PRPE,site = C6,,,29,BEF,FatemiBEF,FatemiF,8.6,1269,36856.86656,209,,,1818.45,,,,18102.86249,,
PRPE,site = C6,,,29,BEF,FatemiBEF,FatemiF,11.7,1298,69776.03733,585,,,3859.869739,,,,38719.57445,,
ACPE,1,,,98,HBEF,WhittakerW6,WhittakerR,6.3,781,12172.84294,,,568.1805,1875.4361,1065.0081,5301.2562,5301.2562,8809,,2916.711
ACPE,2,,,98,HBEF,WhittakerW6,WhittakerR,2.8,480,1477.805184,,,44.64432,161.03844,207.01146,916.00578,916.00578,1329,,488.95434
ACPE,3,,,98,HBEF,WhittakerW6,WhittakerR,7,865,16644.55058,,,1830.6512,6769.768,988.1544,6963.4264,6963.4264,16552,,3500.8472
ACPE,4,,,98,HBEF,WhittakerW6,WhittakerR,1.4,280,215.513256,,,4.69044,10.00809,47.01348,210.98799,210.98799,273,,240.01054
ACPE,5,,,98,HBEF,WhittakerW6,WhittakerR,4.1,600,3960.762938,,,148.944,1155.012,330.948,1845.096,1845.096,3480,,3830.692
ACPE,6,,,98,HBEF,WhittakerW6,WhittakerR,1.3,275,182.5068982,,,5.59232,18.99648,33.00992,160.00128,160.00128,218,,1575.516
ACPE,7,,,98,HBEF,WhittakerW6,WhittakerR,1.9,300,425.2931055,,,25.491,123.98295,49.00425,241.0218,241.0218,440,,326.82631
ACPE,8,,,98,HBEF,WhittakerW6,WhittakerR,7.4,910,19568.82356,,,455.576,3019.896,1021.636,9142.892,9142.892,13640,,13804.587
ACPE,9,,,98,HBEF,WhittakerW6,WhittakerR,8.6,895,25994.40155,,,1030.302,8690.2725,1782.144,11702.2815,11702.2815,23205,,
ACPE,10,,,98,HBEF,WhittakerW6,WhittakerR,5.7,767,9785.994357,,,242.056,1495.232,590.7392,3799.9728,3799.9728,6128,,
ACPE,11,,,98,HBEF,WhittakerW6,WhittakerR,2.1,440,761.9932981,,,26.72091,138.02645,83.00538,384.01043,384.01043,632,,509.6743
ACPE,12,,,98,HBEF,WhittakerW6,WhittakerR,3.4,525,2383.290727,,,113.0206,375.0945,230.9637,1249.9212,1249.9212,1969,,566.76288
ACPE,13,,,98,HBEF,WhittakerW6,WhittakerR,1.5,332,293.346214,,,9.5976,23.00758,35.00458,198.99024,198.99024,267,,290.90218
ACPE,14,,,98,HBEF,WhittakerW6,WhittakerR,9.3,1030,34983.47988,,,1114.2,6170.192,2084.792,15390.816,15390.816,24760,,7093.802
ACPE,15,,,98,HBEF,WhittakerW6,WhittakerR,8.9,930,28928.29566,,,1343.0583,8829.7863,1899.5043,13220.6511,13220.6511,25293,,6752.883
ACSA,1,3,54,98,HBEF,WhittakerW6,WhittakerR,13.9,1873,142110.8587,,,1169,4440,9570,63770,73340,78949,504,17300
ACSA,2,3,49,98,HBEF,WhittakerW6,WhittakerR,23.1,2007,420563.1511,,,5401,48220,27740,201170,228910,278095,965,56010
ACSA,3,2,49,98,HBEF,WhittakerW6,WhittakerR,21.8,1785,333127.9662,,,5831,64380,19390,173180,192570,258835,1885,45060
ACSA,4,2,57,98,HBEF,WhittakerW6,WhittakerR,10.7,1305,58672.95381,,,1130,3500,3330,31570,34900,38783,383,7080
ACSA,6,2,53,98,HBEF,WhittakerW6,WhittakerR,15.7,1839,178008.5734,,,1772,10520,9320,94200,103520,115309,1269,27400
ACSA,7,1,50,98,HBEF,WhittakerW6,WhittakerR,10.2,1208,49354.54625,,,1392,5690,3190,28610,31800,38675,1185,10150
ACSA,8,1,55,98,HBEF,WhittakerW6,WhittakerR,22.3,1625,317338.6553,,,6353,86480,20590,194480,215070,310402,8852,43850
ACSA,9,1,59,98,HBEF,WhittakerW6,WhittakerR,29.7,1386,480104.7631,,,9890,109130,33490,230720,237210,383112,9772,87560
ACSA,10,1,77,98,HBEF,WhittakerW6,WhittakerR,15.5,1084,102271.0145,,,2655,14980,9290,56490,65780,82645,1885,18430
ACSA,11,3,60,98,HBEF,WhittakerW6,WhittakerR,6.4,840,13511.36168,,,310,560,960,6430,7390,8009,59,2030
ACSA,12,3,30,98,HBEF,WhittakerW6,WhittakerR,1.9,413,585.4868419,,,78,90,104,460,564,657.3,3.3,263
ACSA,13,3,56,98,HBEF,WhittakerW6,WhittakerR,29.7,2456,850748.4114,,,8064,89270,43350,411160,454510,544174,394,97210
ACSA,14,3,95,98,HBEF,WhittakerW6,WhittakerR,47,2608,2262367.684,,,19045,374700,166000,937800,1103800,1479130,630,239900
ACSA,15,2,150,98,HBEF,WhittakerW6,WhittakerR,43.7,2152,1613856.912,,,24498,507600,90100,724000,814100,1353160,31460,249600
ACSA,16,1,185,98,HBEF,WhittakerW6,WhittakerR,44,1661,1262800.866,,,22670,782600,109100,657000,766100,1651980,103280,294400
ACSA,17,3,200,98,HBEF,WhittakerW6,WhittakerR,66,2830,4840990.076,,,40002,1200000,206400,1961400,2167800,3387360,19560,505000
ACSA,18,2,170,98,HBEF,WhittakerW6,WhittakerR,50.8,2328,2359230.023,,,35468,680100,156600,1074200,1230800,1926100,15200,324000
ACSA,19,2,52,98,HBEF,WhittakerW6,WhittakerR,28.7,2005,648541.9247,,,10737,116340,32060,347170,379230,501883,6313,121760
ACSA,20,2,31,98,HBEF,WhittakerW6,WhittakerR,3.2,600,2412.743158,,,111,98,212,1615,1827,1943.2,18.2,892
ACSA,21,1,23,98,HBEF,WhittakerW6,WhittakerR,1.9,445,630.8514398,,,38.6,27,77,554,631,660.2,2.2,234
ACSA,22,1,29,98,HBEF,WhittakerW6,WhittakerR,5.8,830,10964.6296,,,419,780,780,7040,7820,8681,81,2540
BEAL,1,3,52,98,HBEF,WhittakerW6,WhittakerR,21.5,2168,393546.5263,,,3187,30200,20830,177080,197900,228933,823,37850
BEAL,2,3,41,98,HBEF,WhittakerW6,WhittakerR,10.8,1442,66049.97492,,,678,3860,4390,28780,33170,37294,264,6500
BEAL,3,2,40,98,HBEF,WhittakerW6,WhittakerR,11.7,1412,75904.28714,,,640,5570,3750,33600,37350,43386,466,7100
BEAL,4,2,51,98,HBEF,WhittakerW6,WhittakerR,30.2,1596,571619.0037,,,6113,135400,21580,205750,227300,365262,2532,95740
BEAL,5,2,61,98,HBEF,WhittakerW6,WhittakerR,16.5,1550,165714.1037,,,3101,52460,12610,84420,97030,151516,2026,49500
BEAL,6,3,110,98,HBEF,WhittakerW6,WhittakerR,34,2442,1108570.658,,,7918,118900,53330,439540,492900,615212,3442,151190
BEAL,7,1,137,98,HBEF,WhittakerW6,WhittakerR,32.5,1346,558305.1932,,,11645,246800,46870,309000,355900,645156,42486,152690
BEAL,8,1,28,98,HBEF,WhittakerW6,WhittakerR,15.2,1115,101163.0534,,,3204,23520,4940,47760,52700,77741,1521,19310
BEAL,9,3,38,98,HBEF,WhittakerW6,WhittakerR,6.1,868,12683.5049,,,198,670,1160,7920,9080,9771,21,2640
BEAL,10,3,19,98,HBEF,WhittakerW6,WhittakerR,1.3,301,199.7620959,,,30.6,58,54,197,251,311.4,2.4,126
BEAL,11,3,139,98,HBEF,WhittakerW6,WhittakerR,43.2,2118,1552220.215,,,25060,489400,81600,544600,626200,1175260,59660,278100
BEAL,12,2,79,98,HBEF,WhittakerW6,WhittakerR,43.2,1947,1426899.32,,,16360,484200,60200,567200,627400,1123580,11980,267000
BEAL,13,1,155,98,HBEF,WhittakerW6,WhittakerR,38,1328,753052.3254,,,14343,298700,50760,340120,390900,707847,18267,157220
BEAL,14,3,104,98,HBEF,WhittakerW6,WhittakerR,51,2365,2415635.387,,,54067,1647900,100600,957100,1057800,2813340,107740,387500
BEAL,15,2,90,98,HBEF,WhittakerW6,WhittakerR,50,2054,2016509.785,,,24398,1359600,82800,729700,812500,2181630,9530,473100
BEAL,16,2,52,98,HBEF,WhittakerW6,WhittakerR,22.1,1813,347730.0613,,,3846,76700,19360,169120,188500,266727,1547,39390
BEAL,17,2,40,98,HBEF,WhittakerW6,WhittakerR,3.4,550,2496.780761,,,188,532,210,1428,1638,2180.7,10.7,484
BEAL,18,1,69,98,HBEF,WhittakerW6,WhittakerR,24,1399,316446.3448,,,7185,76700,14420,147300,161700,245402,6982,51160
BEAL,19,1,48,98,HBEF,WhittakerW6,WhittakerR,10.6,1197,52816.03158,,,1310,6650,3440,26610,30050,37045,345,10300
BEAL,20,1,260,98,HBEF,WhittakerW6,WhittakerR,51.5,1550,1614381.016,,,20932,698600,107700,888200,995900,1865790,171290,248900
BEAL,21,1,32,98,HBEF,WhittakerW6,WhittakerR,2.8,587,1807.23259,,,181,318,139,978,1117,1441.5,6.5,318
FAGR,1,3,78,98,HBEF,WhittakerW6,WhittakerR,13,1349,89527.92934,,,1639,13690,3310,44940,48250,63504,1564,13900
FAGR,2,3,82,98,HBEF,WhittakerW6,WhittakerR,18.5,2088,280629.8324,,,2698,40650,8170,149050,157220,200388,2518,48610
FAGR,3,3,105,98,HBEF,WhittakerW6,WhittakerR,28.2,2280,712021.2404,,,7560,187200,20670,347060,367700,564730,9800,110200
FAGR,4,2,50,98,HBEF,WhittakerW6,WhittakerR,16.7,1563,171179.5207,,,2436,30700,5790,87820,93610,127835,3525,30400
FAGR,5,2,52,98,HBEF,WhittakerW6,WhittakerR,9.7,1179,43562.93773,,,1189,5200,1130,19420,20550,26439,689,10740
FAGR,6,1,42,98,HBEF,WhittakerW6,WhittakerR,10.4,1060,45022.79264,,,814,3860,1800,24190,25990,30231,381,8150
FAGR,7,1,121,98,HBEF,WhittakerW6,WhittakerR,19.6,1251,188724.9583,,,5138,55380,5990,96850,102840,162734,4514,20990
FAGR,8,1,58,98,HBEF,WhittakerW6,WhittakerR,13.7,964,71052.28578,,,1823,14870,2730,38260,40990,57115,1255,13770
FAGR,9,1,115,98,HBEF,WhittakerW6,WhittakerR,38.2,1524,873316.325,,,15875,202900,19570,322340,341900,557472,12662,125740
FAGR,10,3,34,98,HBEF,WhittakerW6,WhittakerR,6.2,975,14717.96888,,,583,2230,650,7310,7960,10304,114,2170
FAGR,11,3,65,98,HBEF,WhittakerW6,WhittakerR,1.8,351,446.5931037,,,71.6,156,36,377,413,576,7,230
FAGR,12,2,122,98,HBEF,WhittakerW6,WhittakerR,29.2,1618,541756.469,,,5940,132600,19660,260820,280500,442890,29810,71340
FAGR,13,3,205,98,HBEF,WhittakerW6,WhittakerR,41.2,2289,1525808.783,,,12750,393400,52100,740600,792700,1230740,44640,213300
FAGR,14,2,183,98,HBEF,WhittakerW6,WhittakerR,38.5,1742,1013980.249,,,8721,245200,33540,504780,538300,860196,76676,228420
FAGR,15,1,138,98,HBEF,WhittakerW6,WhittakerR,39.1,1680,1008608.636,,,23672,435000,33200,498600,531800,1033120,66320,230200
FAGR,16,3,180,98,HBEF,WhittakerW6,WhittakerR,49.5,2730,2626835.825,,,29180,1488900,96500,1458300,1554800,3125990,82290,353600
FAGR,17,2,200,98,HBEF,WhittakerW6,WhittakerR,51.8,2062,2172741.533,,,17137,514800,62000,1072100,1131400,1753480,104580,343000
FAGR,18,2,55,98,HBEF,WhittakerW6,WhittakerR,20.4,1908,311816.1399,,,3598,34900,9570,174520,184090,224527,5537,39630
FAGR,19,2,35,98,HBEF,WhittakerW6,WhittakerR,1.9,320,453.6459792,,,109,195,61,474,535,734.5,4.5,435
FAGR,20,1,210,98,HBEF,WhittakerW6,WhittakerR,59,1428,1952055.299,,,8363,144400,39700,700100,739800,921870,37670,245400
FAGR,21,1,30,98,HBEF,WhittakerW6,WhittakerR,2.3,380,789.403694,,,90.3,189,80,913,993,1201.1,19.1,465
PIRU,1,1,65,98,HBEF,WhittakerW6,WhittakerR,9,625,19880.39101,,,160,1400,1523,7811,9330,12195,578,3665
PIRU,2,1,73,98,HBEF,WhittakerW6,WhittakerR,24,1156,261481.0397,,,1506,34100,13140,97140,110300,178370,24740,43380
PIRU,3,1,215,98,HBEF,WhittakerW6,WhittakerR,37.6,1645,913274.8074,,,2901,112300,39030,237590,276600,426910,9790,185280
PIRU,4,1,105,98,HBEF,WhittakerW6,WhittakerR,20,1163,182683.6128,,,1404,28200,7870,70240,78110,125540,11830,43760
PIRU,5,1,82,98,HBEF,WhittakerW6,WhittakerR,7.1,630,12471.45525,,,138.1,660,1062,5913,6980,9610,1100,3507
PIRU,6,1,78,98,HBEF,WhittakerW6,WhittakerR,18.3,1300,170964.2941,,,980,13330,8650,60140,68790,100684,12534,28650
PIRU,7,1,61,98,HBEF,WhittakerW6,WhittakerR,11,787,37395.55545,,,181,1710,2420,12680,15100,18588,216,7130
PIRU,8,1,70,98,HBEF,WhittakerW6,WhittakerR,9.4,755,26197.6626,,,353,1960,1870,8590,10460,15201,1171,5210
PIRU,9,1,60,98,HBEF,WhittakerW6,WhittakerR,2.9,254,838.8602164,,,67.7,280,203,988,1190,2104,211,831
PIRU,10,1,45,98,HBEF,WhittakerW6,WhittakerR,3.1,284,1071.770042,,,47.5,140,223,998,1220,1764,105,537
PIRU,11,1,56,98,HBEF,WhittakerW6,WhittakerR,12.7,1030,65238.58793,,,390,2620,3680,22820,26500,37327,5667,12770
PIRU,12,1,57,98,HBEF,WhittakerW6,WhittakerR,15.8,1262,123718.1492,,,894,11480,6110,43580,49690,73653,5873,22880
PIRU,13,1,61,98,HBEF,WhittakerW6,WhittakerR,3.4,307,1393.657625,,,59.3,250,288,1375,1660,2721,392,1273
PIRU,14,1,122,98,HBEF,WhittakerW6,WhittakerR,18.7,1066,146386.256,,,950,16210,8030,59590,67610,102289,11724,37200
PIRU,15,1,126,98,HBEF,WhittakerW6,WhittakerR,24.7,1325,317445.8621,,,1440,31400,11340,118410,129800,192810,21580,75190